Timestamp,Satellite Fix,Latitude,Longitude,Altitude
2018-04-21 12:15:35,2,44.6712241973,-63.58872218,65516
2018-04-21 12:15:50,2,44.671228012,-63.5886992918,65513
2018-04-21 12:16:05,2,44.6714530792,-63.5886497007,5
2018-04-21 12:16:20,2,44.6714492645,-63.5886497007,5
2018-04-21 12:16:35,2,44.6714454498,-63.5886535154,5
2018-04-21 12:16:50,2,44.6714454498,-63.5886535154,5
2018-04-21 12:17:05,2,44.6714416351,-63.5886497007,5
2018-04-21 12:17:20,2,44.6714378204,-63.5886535154,5
2018-04-21 12:17:35,2,44.6714416351,-63.5886573301,5
2018-04-21 12:17:50,2,44.6714340057,-63.5886573301,5
2018-04-21 12:18:05,2,44.6714187469,-63.5886535154,5
2018-04-21 12:18:20,2,44.6714111175,-63.5886764036,5
2018-04-21 12:18:35,2,44.6714187469,-63.5886802183,5
2018-04-21 12:20:38,2,44.6712165679,-63.5882529722,5
2018-04-21 12:20:53,2,44.6714111175,-63.5887259947,5
2018-04-21 12:21:08,2,44.6714340057,-63.5887259947,5
2018-04-21 12:21:23,2,44.6714416351,-63.58872218,5
2018-04-21 12:21:38,2,44.6714378204,-63.5887183653,5
2018-04-21 12:21:53,2,44.6714378204,-63.58872218,5
2018-04-21 12:22:08,2,44.6714378204,-63.5887259947,5
2018-04-21 12:23:22,2,44.6715141143,-63.5886611448,5
2018-04-21 12:23:37,2,44.6714263763,-63.5886878477,5
2018-04-21 12:23:52,2,44.6714454498,-63.5886878477,5
2018-04-21 12:24:07,2,44.6714568939,-63.5886992918,5
2018-04-21 12:24:22,2,44.6714530792,-63.5887031065,5
2018-04-21 12:24:37,2,44.6714568939,-63.5887069212,5
2018-04-21 12:24:52,2,44.6714607086,-63.5887069212,5
2018-04-21 12:25:07,2,44.6714607086,-63.5887107359,6
2018-04-21 12:25:22,2,44.6714568939,-63.5887107359,6
2018-04-21 12:26:02,2,44.6713348235,-63.5885505186,6
2018-04-21 12:26:17,2,44.6714378204,-63.5886497007,7
2018-04-21 12:26:32,2,44.6714912261,-63.5886725889,6
2018-04-21 12:26:47,4,44.6715141143,-63.588684033,6
2018-04-21 12:27:02,4,44.671479782,-63.5887069212,6
2018-04-21 12:27:17,4,44.6714530792,-63.58872218,6
2018-04-21 12:27:32,4,44.6714378204,-63.5887298094,5
2018-04-21 12:27:47,4,44.671430191,-63.5887336241,6
2018-04-21 12:28:02,4,44.671430191,-63.5887336241,6
2018-04-21 12:28:17,4,44.6714263763,-63.5887336241,6
2018-04-21 12:28:32,4,44.6714073028,-63.5887336241,6
2018-04-21 12:28:47,4,44.6714034881,-63.5887336241,6
2018-04-21 12:29:02,4,44.6714073028,-63.5887298094,6
2018-04-21 12:29:17,4,44.6714073028,-63.5887298094,6
2018-04-21 12:29:32,4,44.6714187469,-63.5887336241,6
2018-04-21 12:29:47,4,44.6714225616,-63.5887412535,6
2018-04-21 12:30:02,4,44.6714111175,-63.5887374388,5
2018-04-21 12:30:17,4,44.6714111175,-63.5887374388,5
2018-04-21 12:30:32,4,44.6714073028,-63.5887374388,5
2018-04-21 12:30:47,4,44.6714149322,-63.5887298094,5
2018-04-21 12:31:02,4,44.6714111175,-63.5887336241,5
2018-04-21 12:31:17,4,44.6714225616,-63.5887336241,5
2018-04-21 12:31:32,4,44.6714225616,-63.5887183653,4
2018-04-21 12:31:47,4,44.6714263763,-63.58872218,4
2018-04-21 12:32:02,4,44.6714378204,-63.5887069212,4
2018-04-21 12:32:17,4,44.6714454498,-63.5886878477,5
2018-04-21 12:32:32,4,44.6714416351,-63.5886878477,6
2018-04-21 12:32:47,4,44.6714607086,-63.5886992918,6
2018-04-21 12:33:02,4,44.6714607086,-63.5886916624,7
2018-04-21 12:33:17,4,44.6714530792,-63.5886916624,7
2018-04-21 12:33:32,4,44.6714492645,-63.5886878477,7
2018-04-21 12:33:47,4,44.6714378204,-63.5886916624,7
2018-04-21 12:34:02,4,44.6714340057,-63.5886878477,7
2018-04-21 12:34:17,4,44.6714187469,-63.5886802183,7
2018-04-21 12:34:32,4,44.6713996734,-63.5886611448,7
2018-04-21 12:34:47,4,44.671430191,-63.5886573301,10
2018-04-21 12:35:02,4,44.6714607086,-63.5886344419,11
2018-04-21 12:35:17,4,44.6714721526,-63.5886382566,11
2018-04-21 12:35:32,4,44.6714645233,-63.5886344419,11
2018-04-21 12:35:47,4,44.6714721526,-63.5886382566,11
2018-04-21 12:36:02,4,44.6714645233,-63.5886497007,11
2018-04-21 12:36:17,4,44.6714568939,-63.588645886,11
2018-04-21 12:36:32,4,44.6714530792,-63.5886535154,11
2018-04-21 12:36:47,4,44.6714416351,-63.5886573301,11
2018-04-21 12:37:02,4,44.6714340057,-63.5886611448,11
2018-04-21 12:37:17,4,44.6714340057,-63.5886687742,11
2018-04-21 12:37:32,4,44.6714263763,-63.5886725889,11
2018-04-21 12:37:47,4,44.6714225616,-63.5886764036,11
2018-04-21 12:38:02,4,44.6714263763,-63.5886725889,11
2018-04-21 12:38:17,4,44.6714340057,-63.5886764036,11
2018-04-21 12:38:32,4,44.6714416351,-63.588684033,11
2018-04-21 12:38:47,4,44.6714530792,-63.588684033,11
2018-04-21 12:39:02,4,44.6714530792,-63.5886878477,11
2018-04-21 12:39:17,4,44.6714454498,-63.5886954771,11
2018-04-21 12:39:32,4,44.6714416351,-63.5887031065,11
2018-04-21 12:39:47,4,44.6714492645,-63.5887107359,11
2018-04-21 12:40:02,4,44.6714416351,-63.5887298094,11
2018-04-21 12:40:17,4,44.671430191,-63.5887412535,11
2018-04-21 12:40:32,4,44.6714263763,-63.5887412535,11
2018-04-21 12:40:47,4,44.671430191,-63.5887450682,11
2018-04-21 12:41:02,4,44.671430191,-63.5887450682,11
2018-04-21 12:41:17,4,44.6714340057,-63.5887450682,11
2018-04-21 12:41:32,4,44.6714340057,-63.5887488829,11
2018-04-21 12:41:47,4,44.6714225616,-63.5887183653,10
2018-04-21 12:42:02,4,44.6714225616,-63.5887183653,10
2018-04-21 12:42:17,4,44.6714263763,-63.5887183653,10
2018-04-21 12:42:32,4,44.6714225616,-63.5887183653,10
2018-04-21 12:42:47,4,44.6714225616,-63.5887183653,10
2018-04-21 12:43:02,4,44.6714225616,-63.5887183653,10
2018-04-21 12:43:17,4,44.6714225616,-63.5887183653,10
2018-04-21 12:43:32,4,44.6714187469,-63.5887183653,10
2018-04-21 12:43:47,4,44.6714187469,-63.5887183653,10
2018-04-21 12:44:02,4,44.6714187469,-63.5887183653,10
2018-04-21 12:44:17,4,44.6714187469,-63.5887183653,10
2018-04-21 12:44:32,4,44.6714187469,-63.5887183653,10
2018-04-21 12:44:47,4,44.6714187469,-63.5887183653,10
2018-04-21 12:45:02,4,44.6713996734,-63.5887374388,7
2018-04-21 12:45:17,4,44.6713958587,-63.5887412535,5
2018-04-21 12:45:32,4,44.6714034881,-63.5887374388,1
2018-04-21 12:45:47,4,44.6713996734,-63.5887336241,1
2018-04-21 12:46:02,4,44.6713729705,-63.5887565123,0
2018-04-21 12:46:17,4,44.6713424529,-63.5887641417,0
2018-04-21 12:46:32,4,44.6713233794,-63.5887679563,0
2018-04-21 12:46:47,4,44.6713119353,-63.5887679563,0
2018-04-21 12:47:02,4,44.6712966766,-63.5887641417,0
2018-04-21 12:47:17,4,44.6712928619,-63.5887565123,1
2018-04-21 12:47:32,4,44.6712890472,-63.5887526976,1
2018-04-21 12:47:47,4,44.6712966766,-63.5887526976,0
2018-04-21 12:48:02,4,44.6712623443,-63.5887450682,0
2018-04-21 12:48:17,4,44.6712585296,-63.5887336241,1
2018-04-21 12:48:32,4,44.6712547149,-63.5887336241,1
2018-04-21 12:48:47,4,44.6712585296,-63.5887336241,2
2018-04-21 12:49:02,4,44.671266159,-63.5887298094,1
2018-04-21 12:49:17,4,44.671430191,-63.5886802183,4
2018-04-21 12:49:32,4,44.6714416351,-63.5886802183,4
2018-04-21 12:49:47,4,44.6714530792,-63.5886802183,4
2018-04-21 12:50:02,4,44.6714568939,-63.5886802183,4
2018-04-21 12:50:17,4,44.6714645233,-63.5886802183,4
2018-04-21 12:50:32,4,44.6714759673,-63.5886878477,4
2018-04-21 12:50:47,4,44.6714874114,-63.5886878477,4
2018-04-21 12:51:02,4,44.6714874114,-63.5886916624,4
2018-04-21 12:51:17,4,44.671479782,-63.5886916624,5
2018-04-21 12:51:32,4,44.671479782,-63.5886954771,5
2018-04-21 12:51:47,4,44.6714645233,-63.5887031065,4
2018-04-21 12:52:02,4,44.6714568939,-63.5887069212,4
2018-04-21 12:52:17,4,44.6714530792,-63.5887031065,5
2018-04-21 12:52:32,4,44.6714492645,-63.5887031065,6
2018-04-21 12:52:47,4,44.6714530792,-63.5886992918,6
2018-04-21 12:53:02,4,44.6714721526,-63.5887107359,9
2018-04-21 12:53:17,4,44.671479782,-63.58872218,11
2018-04-21 12:53:32,4,44.6714835967,-63.5887107359,13
2018-04-21 12:53:47,4,44.6714874114,-63.5887069212,13
2018-04-21 12:54:02,4,44.6714874114,-63.5887069212,13
2018-04-21 12:54:17,4,44.6714835967,-63.5887069212,13
2018-04-21 12:54:32,4,44.6714759673,-63.5887069212,13
2018-04-21 12:54:47,4,44.6714759673,-63.5887069212,12
2018-04-21 12:55:02,4,44.6714835967,-63.5887031065,11
2018-04-21 12:55:17,4,44.671479782,-63.5886954771,10
2018-04-21 12:55:32,4,44.6714607086,-63.5886992918,10
2018-04-21 12:55:47,4,44.6714149322,-63.5886992918,9
2018-04-21 12:56:02,4,44.6713805999,-63.5887069212,8
2018-04-21 12:56:17,4,44.6713653411,-63.5887145506,8
2018-04-21 12:56:32,4,44.6713577117,-63.58872218,8
2018-04-21 12:56:47,4,44.6713653411,-63.5887336241,8
2018-04-21 12:57:02,4,44.6713653411,-63.5887565123,8
2018-04-21 12:57:17,4,44.6713615264,-63.5887755857,8
2018-04-21 12:57:32,4,44.6713577117,-63.5887679563,8
2018-04-21 12:57:47,4,44.6713615264,-63.588760327,8
2018-04-21 12:58:02,4,44.6713653411,-63.5887526976,7
2018-04-21 12:58:17,4,44.6713653411,-63.5887488829,7
2018-04-21 12:58:32,4,44.6713615264,-63.5887336241,7
2018-04-21 12:58:47,4,44.6713577117,-63.58872218,8
2018-04-21 12:59:02,4,44.6713615264,-63.5887183653,8
2018-04-21 12:59:17,4,44.6713767852,-63.5887145506,8
2018-04-21 12:59:32,4,44.6713958587,-63.5887031065,8
2018-04-21 12:59:47,4,44.6714073028,-63.5886916624,8
2018-04-21 13:00:02,4,44.6714149322,-63.5886802183,9
2018-04-21 13:00:17,4,44.6714225616,-63.5886611448,9
2018-04-21 13:00:32,4,44.6714340057,-63.5886420713,10
2018-04-21 13:00:47,4,44.6714416351,-63.5886420713,11
2018-04-21 13:01:02,4,44.6714416351,-63.5886535154,11
2018-04-21 13:01:17,4,44.6714454498,-63.5886535154,11
2018-04-21 13:01:32,4,44.6714492645,-63.5886535154,11
2018-04-21 13:01:47,4,44.6714530792,-63.588645886,11
2018-04-21 13:02:02,4,44.6714568939,-63.588645886,11
2018-04-21 13:02:17,4,44.6714530792,-63.5886420713,11
2018-04-21 13:02:32,4,44.6714492645,-63.5886420713,11
2018-04-21 13:02:47,4,44.6714454498,-63.5886382566,11
2018-04-21 13:03:02,4,44.6714378204,-63.5886535154,12
2018-04-21 13:03:17,4,44.6714340057,-63.5886573301,12
2018-04-21 13:03:32,4,44.6714034881,-63.5886497007,11
2018-04-21 13:03:47,4,44.6713805999,-63.5886611448,12
2018-04-21 13:04:02,4,44.6713729705,-63.5886725889,12
2018-04-21 13:04:17,4,44.6713729705,-63.5886802183,12
2018-04-21 13:04:32,4,44.6713729705,-63.5886802183,12
2018-04-21 13:04:47,4,44.6713844146,-63.588684033,13
2018-04-21 13:05:02,4,44.671392044,-63.588684033,13
2018-04-21 13:05:17,4,44.6713996734,-63.588684033,14
2018-04-21 13:05:32,4,44.6714149322,-63.5886802183,14
2018-04-21 13:05:47,4,44.6714340057,-63.5886573301,14
2018-04-21 13:06:02,4,44.6714416351,-63.5886420713,14
2018-04-21 13:06:17,4,44.6714416351,-63.588645886,14
2018-04-21 13:06:32,4,44.6714454498,-63.5886268125,14
2018-04-21 13:06:47,4,44.6714454498,-63.5886268125,15
2018-04-21 13:07:02,4,44.6714454498,-63.5886268125,15
2018-04-21 13:07:17,4,44.6714568939,-63.5886268125,15
2018-04-21 13:07:32,4,44.6714683379,-63.5886191831,15
2018-04-21 13:07:47,4,44.6714683379,-63.5886268125,15
2018-04-21 13:08:02,4,44.6714568939,-63.5886687742,14
2018-04-21 13:08:17,4,44.6714263763,-63.5886764036,15
2018-04-21 13:08:32,4,44.6713882293,-63.588645886,20
2018-04-21 13:08:47,4,44.6713844146,-63.5886649595,23
2018-04-21 13:09:02,4,44.6713882293,-63.5886725889,25
2018-04-21 13:09:17,4,44.6714073028,-63.5886725889,23
2018-04-21 13:09:32,4,44.6714263763,-63.5886573301,22
2018-04-21 13:09:47,4,44.6714340057,-63.5886611448,20
2018-04-21 13:10:02,4,44.6714225616,-63.5886611448,17
2018-04-21 13:10:17,4,44.6714187469,-63.5886611448,16
2018-04-21 13:10:32,4,44.6714187469,-63.5886573301,16
2018-04-21 13:10:47,4,44.6714187469,-63.5886497007,16
2018-04-21 13:11:02,4,44.6714187469,-63.588645886,16
2018-04-21 13:11:17,4,44.6714187469,-63.588645886,16
2018-04-21 13:11:32,4,44.6714187469,-63.588645886,16
2018-04-21 13:11:47,4,44.6714225616,-63.588645886,16
2018-04-21 13:12:02,4,44.6714263763,-63.5886497007,16
2018-04-21 18:02:30,2,44.6716247406,-63.5888328062,36
2018-04-21 18:02:45,2,44.6715598907,-63.5887641417,26
2018-04-21 18:03:00,2,44.671479782,-63.5886611448,25
2018-04-21 18:03:25,2,44.6716094818,-63.5887069212,25
2018-04-21 18:03:40,2,44.6715789642,-63.5887069212,24
2018-04-21 18:03:55,2,44.6716056671,-63.5887412535,24
2018-04-21 18:04:10,2,44.6715827789,-63.5887412535,23
2018-04-21 18:04:25,2,44.6715789642,-63.5887412535,23
2018-04-21 18:04:40,2,44.6715713348,-63.5887374388,23
2018-04-21 18:04:55,2,44.6715637054,-63.5887336241,22
2018-04-21 18:05:10,2,44.6715484466,-63.5887336241,22
2018-04-21 18:05:25,2,44.6715141143,-63.5887374388,22
2018-04-21 18:05:40,2,44.6714874114,-63.5887374388,22
2018-04-21 18:05:55,2,44.6714835967,-63.5887298094,21
2018-04-21 18:06:10,2,44.6714759673,-63.5887183653,21
2018-04-21 18:06:25,2,44.6714759673,-63.5887145506,22
2018-04-21 18:06:40,2,44.671479782,-63.5887145506,21
2018-04-21 18:06:55,2,44.6714759673,-63.5887145506,21
2018-04-21 18:07:10,2,44.6714874114,-63.5887298094,21
2018-04-21 18:07:25,2,44.6714874114,-63.5887374388,21
2018-04-21 18:07:40,2,44.671479782,-63.5887374388,21
2018-04-21 18:07:55,2,44.6714645233,-63.5887298094,21
2018-04-21 18:08:10,2,44.6714530792,-63.58872218,19
2018-04-21 18:08:25,2,44.6714378204,-63.5887107359,18
2018-04-21 18:08:40,2,44.6714340057,-63.5887107359,16
2018-04-21 18:08:55,2,44.6714416351,-63.5887107359,15
2018-04-21 18:09:10,2,44.6714492645,-63.5887107359,15
2018-04-21 18:09:25,2,44.6714530792,-63.5887107359,15
2018-04-21 18:09:40,2,44.6714607086,-63.5887145506,15
2018-04-21 18:09:55,2,44.6714683379,-63.5887145506,15
2018-04-21 18:10:10,2,44.6714835967,-63.5887183653,15
2018-04-21 18:10:25,2,44.6714988555,-63.5887298094,15
2018-04-21 18:10:40,2,44.671517929,-63.5887450682,15
2018-04-21 18:10:55,2,44.6715408172,-63.5887488829,15
2018-04-21 18:11:10,2,44.671556076,-63.5887450682,14
2018-04-21 18:11:25,2,44.6715637054,-63.5887374388,14
2018-04-21 18:11:40,2,44.6715675201,-63.5887298094,14
2018-04-21 18:11:55,2,44.6715637054,-63.5887336241,14
2018-04-21 18:12:10,2,44.6715637054,-63.5887374388,14
2018-04-21 18:12:25,2,44.671556076,-63.5887412535,15
2018-04-21 18:12:40,2,44.6715484466,-63.5887183653,15
2018-04-21 18:12:55,2,44.6715446319,-63.5886992918,14
2018-04-21 18:13:10,2,44.6715293731,-63.5886725889,14
2018-04-21 18:13:25,2,44.6715293731,-63.5886649595,14
2018-04-21 18:13:40,4,44.6715064849,-63.5886687742,16
2018-04-21 18:13:55,4,44.6714950408,-63.5886878477,18
2018-04-21 18:14:10,4,44.6714874114,-63.5886954771,20
2018-04-21 18:14:25,4,44.6714912261,-63.5886992918,20
2018-04-21 18:14:40,4,44.6714950408,-63.5887107359,20
2018-04-21 18:14:55,4,44.6714912261,-63.5887298094,19
2018-04-21 18:15:10,4,44.6714645233,-63.5887374388,18
2018-04-21 18:15:25,4,44.6714568939,-63.5887374388,18
2018-04-21 18:15:40,4,44.6714568939,-63.5887412535,18
2018-04-21 18:15:55,4,44.6714568939,-63.5887412535,18
2018-04-21 18:16:10,4,44.6714416351,-63.5887374388,18
2018-04-21 18:16:25,4,44.671430191,-63.5887336241,18
2018-04-21 18:16:40,4,44.6714187469,-63.5887336241,17
2018-04-21 18:16:55,4,44.6714149322,-63.5887374388,17
2018-04-21 18:17:10,4,44.6714187469,-63.5887412535,17
2018-04-21 18:17:25,4,44.6714225616,-63.5887412535,17
2018-04-21 18:17:40,4,44.6714263763,-63.5887374388,17
2018-04-21 18:17:55,4,44.671430191,-63.5887374388,16
2018-04-21 18:18:10,4,44.6714492645,-63.5887183653,15
2018-04-21 18:18:25,4,44.6714835967,-63.5886611448,7
2018-04-21 18:18:40,4,44.6714988555,-63.5886191831,1
2018-04-21 18:18:55,4,44.6715102996,-63.588596295,0
2018-04-21 18:19:10,4,44.671517929,-63.5885810362,65535
2018-04-21 18:19:25,4,44.6715217437,-63.5885772215,65533
2018-04-21 18:19:40,4,44.6715255584,-63.5885772215,65531
2018-04-21 18:19:55,4,44.6715141143,-63.5885772215,65531
2018-04-21 18:20:10,4,44.6715064849,-63.5885924803,65532
2018-04-21 18:20:25,4,44.6715026702,-63.5886115537,65533
2018-04-21 18:20:40,4,44.6715026702,-63.588645886,65534
2018-04-21 18:20:55,4,44.6715064849,-63.588684033,65535
2018-04-21 18:21:10,4,44.6715217437,-63.5887069212,65535
2018-04-21 18:21:25,4,44.6715293731,-63.5887145506,65535
2018-04-21 18:21:40,4,44.6715331878,-63.5887259947,0
2018-04-21 18:21:55,4,44.6715293731,-63.58872218,0
2018-04-21 18:22:10,4,44.6715331878,-63.5886992918,0
2018-04-21 18:22:25,4,44.671517929,-63.5886497007,0
2018-04-21 18:22:40,4,44.6714988555,-63.5886229978,0
2018-04-21 18:22:55,4,44.6714645233,-63.5886229978,2
2018-04-21 18:23:10,4,44.6714530792,-63.5886573301,3
2018-04-21 18:23:25,4,44.6714416351,-63.5886802183,6
2018-04-21 18:23:40,4,44.6714645233,-63.5886954771,9
2018-04-21 18:23:55,4,44.6714568939,-63.5887145506,9
2018-04-21 18:24:10,4,44.6714568939,-63.58872218,10
2018-04-21 18:24:25,4,44.6714683379,-63.5887336241,11
2018-04-21 18:24:40,4,44.6714912261,-63.5887374388,13
2018-04-21 18:24:55,4,44.6715102996,-63.5887412535,14
2018-04-21 18:25:10,4,44.6715141143,-63.5887374388,15
2018-04-21 18:25:25,4,44.6715026702,-63.5887298094,17
2018-04-21 18:25:40,4,44.6714835967,-63.58872218,18
2018-04-21 18:25:55,4,44.6714607086,-63.5887145506,20
2018-04-21 18:26:10,4,44.6714530792,-63.5887069212,20
2018-04-21 18:26:25,4,44.6714568939,-63.5886992918,20
2018-04-21 18:26:40,4,44.6714607086,-63.5886992918,20
2018-04-21 18:26:55,4,44.6714721526,-63.5887069212,20
2018-04-21 18:27:10,4,44.6714835967,-63.5887031065,19
2018-04-21 18:27:25,4,44.6714835967,-63.5886954771,19
2018-04-21 18:27:40,4,44.6714835967,-63.5886916624,19
2018-04-21 18:27:55,4,44.6714835967,-63.5886878477,19
2018-04-21 18:28:10,4,44.671479782,-63.5886764036,19
2018-04-21 18:28:25,4,44.6714683379,-63.5886611448,20
2018-04-21 18:28:40,4,44.6714492645,-63.5886420713,21
2018-04-21 18:28:55,4,44.6714340057,-63.5886344419,21
2018-04-21 18:29:10,4,44.6714263763,-63.5886344419,22
2018-04-21 18:29:25,4,44.6714263763,-63.5886382566,22
2018-04-21 18:29:40,4,44.6714340057,-63.588645886,21
2018-04-21 18:29:55,4,44.6714416351,-63.5886573301,20
2018-04-21 18:30:10,4,44.6714416351,-63.5886649595,19
2018-04-21 18:30:25,4,44.6714378204,-63.5886649595,18
2018-04-21 18:30:40,4,44.6714378204,-63.5886687742,16
2018-04-21 18:30:55,4,44.6714492645,-63.5886802183,15
2018-04-21 18:31:10,4,44.6714645233,-63.5886878477,14
2018-04-21 18:31:25,4,44.6714835967,-63.5887069212,14
2018-04-21 18:31:40,4,44.6714988555,-63.5887259947,14
2018-04-21 18:31:55,4,44.6715102996,-63.5887450682,15
2018-04-21 18:32:10,4,44.671517929,-63.5887565123,15
2018-04-21 18:32:25,4,44.6715217437,-63.5887641417,16
2018-04-21 18:32:40,4,44.6715217437,-63.5887641417,16
2018-04-21 18:32:55,4,44.6715102996,-63.5887526976,16
2018-04-21 18:33:10,4,44.6714950408,-63.5887336241,16
2018-04-21 18:33:25,4,44.6714874114,-63.58872218,15
2018-04-21 18:33:40,4,44.6714835967,-63.5887183653,15
2018-04-21 18:33:55,4,44.6714950408,-63.58872218,15
2018-04-21 18:34:10,4,44.6715102996,-63.5887374388,14
2018-04-21 18:34:25,4,44.6715293731,-63.588760327,14
2018-04-21 18:34:40,4,44.6715484466,-63.5887870298,13
2018-04-21 18:34:55,4,44.6715484466,-63.5887908445,13
2018-04-21 18:35:10,4,44.6715331878,-63.5887870298,13
2018-04-21 18:35:25,4,44.671517929,-63.5887755857,13
2018-04-21 18:35:40,4,44.6715064849,-63.588760327,13
2018-04-21 18:35:55,4,44.6714874114,-63.5887412535,13
2018-04-21 18:36:10,4,44.6714835967,-63.5887336241,13
2018-04-21 18:36:25,4,44.6714759673,-63.58872218,13
2018-04-21 18:36:40,4,44.6714607086,-63.5887031065,13
2018-04-21 18:36:55,4,44.6714530792,-63.5886764036,13
2018-04-21 18:37:10,4,44.6714454498,-63.5886497007,13
2018-04-21 18:37:25,4,44.6714492645,-63.5886382566,13
2018-04-21 18:37:40,4,44.6714683379,-63.5886382566,12
2018-04-21 18:37:55,4,44.6714835967,-63.588645886,11
2018-04-21 18:38:10,4,44.6714721526,-63.588645886,11
2018-04-21 18:38:25,4,44.671479782,-63.5886497007,11
2018-04-21 18:38:40,4,44.671479782,-63.5886535154,11
2018-04-21 18:38:55,4,44.671479782,-63.5886535154,11
2018-04-21 18:39:10,4,44.6714835967,-63.5886535154,11
2018-04-21 18:39:25,4,44.6714835967,-63.5886535154,11
2018-04-21 18:39:40,4,44.6714835967,-63.5886573301,11
2018-04-21 18:39:55,4,44.6714874114,-63.5886535154,11
2018-04-21 18:40:10,4,44.6714874114,-63.5886535154,11
2018-04-21 18:40:25,4,44.6714950408,-63.5886573301,11
2018-04-21 18:40:40,4,44.6714950408,-63.5886802183,11
2018-04-21 18:40:55,4,44.6715026702,-63.5886878477,11
2018-04-21 18:41:10,4,44.6715026702,-63.5886878477,11
2018-04-21 18:41:25,4,44.6715026702,-63.588684033,11
2018-04-21 18:41:40,4,44.6715064849,-63.5886802183,11
2018-04-21 18:41:55,4,44.6715064849,-63.5886725889,11
2018-04-21 18:42:10,4,44.6715026702,-63.5886687742,12
2018-04-21 18:42:25,4,44.6715064849,-63.5886649595,12
2018-04-21 18:42:40,4,44.6715064849,-63.5886649595,12
2018-04-21 18:42:55,4,44.6715102996,-63.5886725889,12
2018-04-21 18:43:10,4,44.6715102996,-63.5886802183,12
2018-04-21 18:43:25,4,44.6715141143,-63.588684033,12
2018-04-21 18:43:40,4,44.6715141143,-63.588684033,12
2018-04-21 18:43:55,4,44.6715141143,-63.5886802183,12
2018-04-21 18:44:10,4,44.6715217437,-63.5886802183,11
2018-04-21 18:44:25,4,44.6715331878,-63.588684033,9
2018-04-21 18:44:40,4,44.6715141143,-63.588684033,8
2018-04-21 18:44:55,4,44.6715217437,-63.588684033,7
2018-04-21 18:45:10,4,44.6715408172,-63.588684033,7
2018-04-21 18:45:25,4,44.6715484466,-63.588684033,7
2018-04-21 18:45:40,4,44.6715484466,-63.5886802183,6
2018-04-21 18:45:55,4,44.6715446319,-63.5886764036,6
2018-04-21 18:46:10,4,44.6715446319,-63.5886764036,6
2018-04-21 18:46:25,4,44.6715446319,-63.5886764036,6
2018-04-21 18:46:40,4,44.6715408172,-63.5886764036,7
2018-04-21 18:46:55,4,44.6715370025,-63.5886764036,7
2018-04-21 18:47:10,4,44.6715331878,-63.5886764036,7
2018-04-21 18:47:25,4,44.6715331878,-63.5886764036,8
2018-04-21 18:47:40,4,44.6715293731,-63.5886764036,8
2018-04-21 18:47:55,4,44.6715255584,-63.5886764036,8
2018-04-21 18:48:10,4,44.6715293731,-63.5886725889,8
2018-04-21 18:48:25,4,44.6715217437,-63.5886725889,8
2018-04-21 18:48:40,4,44.671517929,-63.5886687742,8
2018-04-21 18:48:55,4,44.6715141143,-63.5886725889,8
2018-04-21 18:49:10,4,44.6714988555,-63.5886725889,8
2018-04-21 18:49:25,4,44.6714835967,-63.5886725889,9
2018-04-21 18:49:40,4,44.671479782,-63.5886725889,9
2018-04-21 18:49:55,4,44.6714835967,-63.5886725889,9
2018-04-21 18:50:10,4,44.6714874114,-63.5886687742,8
2018-04-21 18:50:25,4,44.671479782,-63.5886687742,8
2018-04-21 18:50:40,4,44.6714645233,-63.5886687742,9
2018-04-21 18:50:55,4,44.6714530792,-63.5886611448,9
2018-04-21 18:51:10,4,44.6714492645,-63.5886497007,9
2018-04-21 18:51:25,4,44.6714530792,-63.5886497007,9
2018-04-21 18:51:40,4,44.6714568939,-63.5886497007,9
2018-04-21 18:51:55,4,44.6714721526,-63.5886573301,9
2018-04-21 18:52:10,4,44.6714835967,-63.5886649595,9
2018-04-21 18:52:25,4,44.6714950408,-63.5886725889,9
2018-04-21 18:52:40,4,44.6715064849,-63.5886878477,9
2018-04-21 18:52:55,4,44.6715102996,-63.5887107359,9
2018-04-21 18:53:10,4,44.6715026702,-63.58872218,9
2018-04-21 18:53:25,4,44.6715026702,-63.5887145506,8
2018-04-21 18:53:40,4,44.6714950408,-63.5887145506,8
2018-04-21 18:53:55,4,44.6714950408,-63.5887069212,8
2018-04-21 18:54:10,4,44.6715102996,-63.5886916624,7
2018-04-21 18:54:25,4,44.6715141143,-63.5886954771,7
2018-04-21 18:54:40,4,44.6715141143,-63.5886992918,6
2018-04-21 18:54:55,4,44.6715141143,-63.5886992918,6
2018-04-21 18:55:10,4,44.6715102996,-63.5887031065,6
2018-04-21 18:55:25,4,44.6715102996,-63.5887069212,5
2018-04-21 18:55:40,4,44.6715141143,-63.5887069212,5
2018-04-21 18:55:55,4,44.6715141143,-63.5887107359,4
2018-04-21 18:56:10,4,44.6715141143,-63.5887069212,4
2018-04-21 18:56:25,4,44.6715141143,-63.5887031065,4
2018-04-21 18:56:40,4,44.6715141143,-63.5886992918,4
2018-04-21 18:56:55,4,44.6715141143,-63.5886954771,4
2018-04-21 18:57:10,4,44.6715141143,-63.5886954771,4
2018-04-21 18:57:25,4,44.6715141143,-63.5886954771,4
2018-04-21 18:57:40,4,44.671517929,-63.5886954771,4
2018-04-21 18:57:55,4,44.671517929,-63.5886954771,3
2018-04-21 18:58:10,4,44.6715217437,-63.5886992918,3
2018-04-21 18:58:25,4,44.6715255584,-63.5886992918,2
2018-04-21 18:58:40,4,44.6715293731,-63.5886992918,2
2018-04-21 18:58:55,4,44.6715370025,-63.5887107359,2
2018-04-21 18:59:10,4,44.6715408172,-63.5887183653,1
2018-04-21 18:59:25,4,44.6715408172,-63.58872218,1
2018-04-21 18:59:40,4,44.6715408172,-63.58872218,1
2018-04-21 18:59:55,4,44.6715446319,-63.58872218,1
2018-04-21 19:00:10,4,44.6715484466,-63.5887259947,1
2018-04-21 19:00:25,4,44.6715446319,-63.5887259947,2
2018-04-21 19:00:40,4,44.6715446319,-63.58872218,2
2018-04-21 19:00:55,4,44.6715446319,-63.58872218,2
2018-04-21 19:01:10,4,44.6715446319,-63.5887183653,2
2018-04-21 19:01:25,4,44.6715484466,-63.5887107359,2
2018-04-21 19:01:40,4,44.6715446319,-63.5887107359,2
2018-04-21 19:01:55,4,44.6715408172,-63.5887107359,2
2018-04-21 19:02:10,4,44.6715408172,-63.5887107359,2
2018-04-21 19:02:25,4,44.6715370025,-63.5887107359,3
2018-04-21 19:02:40,4,44.6715370025,-63.5887107359,3
2018-04-21 19:02:55,4,44.6715293731,-63.5887107359,3
2018-04-21 19:03:10,4,44.6715217437,-63.5887031065,3
2018-04-21 19:03:25,4,44.6715141143,-63.5886992918,3
2018-04-21 19:03:40,4,44.671517929,-63.5886916624,3
2018-04-21 19:03:55,4,44.6715141143,-63.5886764036,3
2018-04-21 19:04:10,4,44.6715141143,-63.5886725889,4
2018-04-21 19:04:25,4,44.6715102996,-63.5886649595,4
2018-04-21 19:04:40,4,44.6715102996,-63.5886573301,4
2018-04-21 19:04:55,4,44.6715141143,-63.5886573301,4
2018-04-21 19:05:10,4,44.6715141143,-63.5886573301,4
2018-04-21 19:05:25,4,44.6715102996,-63.5886573301,4
2018-04-21 19:05:40,4,44.6715026702,-63.5886649595,5
2018-04-21 19:05:55,4,44.6714988555,-63.5886687742,5
2018-04-21 19:06:10,4,44.6714988555,-63.5886649595,5
2018-04-21 19:06:25,4,44.6714988555,-63.5886649595,5
2018-04-21 19:06:40,4,44.6714912261,-63.5886649595,6
2018-04-21 19:06:55,4,44.6714874114,-63.5886649595,6
2018-04-21 19:07:10,4,44.6714912261,-63.5886687742,6
2018-04-21 19:07:25,4,44.6714912261,-63.5886687742,6
2018-04-21 19:07:40,4,44.6714988555,-63.5886725889,6
2018-04-21 19:07:55,4,44.6715026702,-63.5886764036,6
2018-04-21 19:08:10,4,44.6715064849,-63.5886802183,6
2018-04-21 19:08:25,4,44.6715064849,-63.5886802183,6
2018-04-21 19:08:40,4,44.6714950408,-63.5886878477,8
2018-04-21 19:08:55,4,44.6714950408,-63.5886954771,8
2018-04-21 19:09:10,4,44.6714912261,-63.5886992918,9
2018-04-21 19:09:25,4,44.6714874114,-63.5887031065,9
2018-04-21 19:09:40,4,44.671479782,-63.5887069212,9
2018-04-21 19:09:55,4,44.671479782,-63.5887069212,9
2018-04-21 19:10:10,4,44.671479782,-63.5887069212,10
2018-04-21 19:10:25,4,44.671479782,-63.5887069212,10
2018-04-21 19:10:40,4,44.671479782,-63.5887069212,10
2018-04-21 19:10:55,4,44.671479782,-63.5887107359,10
2018-04-21 19:11:10,4,44.671479782,-63.5887069212,10
2018-04-21 19:11:25,4,44.671479782,-63.5887107359,10
2018-04-21 19:11:40,4,44.6714759673,-63.5887069212,11
2018-04-21 19:11:55,4,44.6714721526,-63.5887069212,11
2018-04-21 19:12:10,4,44.6714759673,-63.5887069212,11
2018-04-21 19:12:25,4,44.671479782,-63.5887107359,11
2018-04-21 19:12:40,4,44.6714912261,-63.5887107359,12
2018-04-21 19:12:55,4,44.6715064849,-63.5887069212,12
2018-04-21 19:13:10,4,44.6715141143,-63.5887107359,14
2018-04-21 19:13:25,4,44.6715141143,-63.5887145506,16
2018-04-21 19:13:40,4,44.6715026702,-63.5887145506,17
2018-04-21 19:13:55,4,44.6714874114,-63.5887107359,19
2018-04-21 19:14:10,4,44.6714759673,-63.5887107359,21
2018-04-21 19:14:25,4,44.6714759673,-63.58872218,22
2018-04-21 19:14:40,4,44.6714721526,-63.5887298094,24
2018-04-21 19:14:55,4,44.6714683379,-63.5887374388,25
2018-04-21 19:15:10,4,44.6714645233,-63.5887450682,26
2018-04-21 19:15:25,4,44.6714645233,-63.5887450682,26
2018-04-21 19:15:40,4,44.6714607086,-63.5887450682,26
2018-04-21 19:15:55,4,44.6714607086,-63.5887412535,25
2018-04-21 19:16:10,4,44.6714607086,-63.5887412535,25
2018-04-21 19:16:25,4,44.6714568939,-63.5887488829,25
2018-04-21 19:16:40,4,44.6714568939,-63.5887526976,25
2018-04-21 19:16:55,4,44.6714568939,-63.5887526976,25
2018-04-21 19:17:10,4,44.6714607086,-63.5887488829,25
2018-04-21 19:17:25,4,44.6714645233,-63.5887488829,25
2018-04-21 19:17:40,4,44.6714683379,-63.5887450682,25
2018-04-21 19:17:55,4,44.6714683379,-63.5887450682,25
2018-04-21 19:18:10,4,44.6714721526,-63.5887450682,25
2018-04-21 19:18:25,4,44.6714912261,-63.5887259947,25
2018-04-21 19:18:40,4,44.6715331878,-63.5887183653,25
2018-04-21 19:18:55,4,44.6715370025,-63.5887183653,25
2018-04-21 19:19:10,4,44.6715331878,-63.5887183653,25
2018-04-21 19:19:25,4,44.6715255584,-63.5887183653,25
2018-04-21 19:19:40,4,44.6715217437,-63.5887145506,25
2018-04-21 19:19:55,4,44.6714988555,-63.5887107359,24
2018-04-21 19:20:10,4,44.6714721526,-63.5887031065,24
2018-04-21 19:20:25,4,44.6714835967,-63.588684033,24
2018-04-21 19:20:40,4,44.671479782,-63.588684033,24
2018-04-21 19:20:55,4,44.6714683379,-63.5886764036,23
2018-04-21 19:21:10,4,44.6714683379,-63.5886764036,23
2018-04-21 19:21:25,4,44.6714645233,-63.588684033,23
2018-04-21 19:21:40,4,44.6714683379,-63.588684033,22
2018-04-21 19:21:55,4,44.6714607086,-63.588684033,22
2018-04-21 19:22:10,4,44.6714454498,-63.5886802183,22
2018-04-21 19:22:25,4,44.6714340057,-63.5886802183,21
2018-04-21 19:22:40,4,44.6714263763,-63.588684033,20
2018-04-21 19:22:55,4,44.6714187469,-63.588684033,18
2018-04-21 19:23:10,4,44.6714073028,-63.5886916624,16
2018-04-21 19:23:25,4,44.6713958587,-63.5886954771,14
2018-04-21 19:23:40,4,44.6713844146,-63.5887031065,12
2018-04-21 19:23:55,4,44.6713577117,-63.58872218,12
2018-04-21 19:24:10,4,44.6713424529,-63.5887259947,13
2018-04-21 19:24:25,4,44.6713386382,-63.5887259947,11
2018-04-21 19:24:40,4,44.6713653411,-63.5887298094,10
2018-04-21 19:24:55,4,44.6713577117,-63.5887259947,10
2018-04-21 19:25:10,4,44.6713729705,-63.58872218,10
2018-04-21 19:25:25,4,44.6713958587,-63.5887259947,12
2018-04-21 19:25:40,4,44.6713958587,-63.5887107359,13
2018-04-21 19:25:55,4,44.6714034881,-63.5887145506,14
2018-04-21 19:26:10,4,44.6714073028,-63.5887145506,14
2018-04-21 19:26:25,4,44.6714034881,-63.5887107359,14
2018-04-21 19:26:40,4,44.6714111175,-63.5887145506,14
2018-04-21 19:26:55,4,44.671430191,-63.5887145506,14
2018-04-21 19:27:10,4,44.6714492645,-63.5887107359,14
2018-04-21 19:27:25,4,44.6714721526,-63.5887107359,15
2018-04-21 19:27:40,4,44.6714721526,-63.5887107359,15
2018-04-21 19:27:55,4,44.6714835967,-63.5887107359,15
2018-04-21 19:28:10,4,44.6714950408,-63.5887107359,15
2018-04-21 19:28:25,4,44.6714988555,-63.5887107359,16
2018-04-21 19:28:40,4,44.6714912261,-63.5887069212,16
2018-04-21 19:28:55,4,44.6714759673,-63.5887069212,15
2018-04-21 19:29:10,4,44.6714530792,-63.5887145506,15
2018-04-21 19:29:25,4,44.6714225616,-63.58872218,14
2018-04-21 19:29:40,4,44.6714111175,-63.58872218,14
2018-04-21 19:29:55,4,44.6713996734,-63.58872218,14
2018-04-21 19:30:10,4,44.6713996734,-63.58872218,14
2018-04-21 19:30:25,4,44.6713958587,-63.58872218,13
2018-04-21 19:30:40,4,44.6713577117,-63.5887183653,11
2018-04-21 19:30:55,4,44.6713195647,-63.5887259947,10
2018-04-21 19:31:10,4,44.6712928619,-63.5887259947,9
2018-04-21 19:31:25,4,44.6712623443,-63.5887069212,7
2018-04-21 19:31:40,4,44.6712394561,-63.5887031065,6
2018-04-21 19:31:55,4,44.6712776031,-63.5886916624,5
2018-04-21 19:32:10,4,44.6713271941,-63.5886802183,7
2018-04-21 19:32:25,4,44.6713462676,-63.5886687742,7
2018-04-21 19:32:40,4,44.6713653411,-63.5886687742,8
2018-04-21 19:33:18,4,44.6714149322,-63.5886611448,9
2018-04-21 19:33:33,4,44.6713424529,-63.588684033,10
2018-04-21 19:33:48,4,44.6713271941,-63.5887031065,11
2018-04-21 19:34:03,4,44.6713310088,-63.5886992918,11
2018-04-21 19:34:18,4,44.6713348235,-63.5886878477,11
2018-04-21 19:34:33,4,44.6713310088,-63.588684033,11
2018-04-21 19:34:48,4,44.6713310088,-63.5886802183,11
2018-04-21 19:35:03,4,44.6713386382,-63.5886764036,11
2018-04-21 19:35:18,4,44.6713348235,-63.5886764036,11
2018-04-21 19:35:33,4,44.6713233794,-63.5886802183,11
2018-04-21 19:35:48,4,44.6713043059,-63.5886916624,11
2018-04-21 19:36:03,4,44.6712852325,-63.5886954771,11
2018-04-21 19:36:18,4,44.6711974944,-63.5887069212,11
2018-04-21 19:36:33,4,44.6712203826,-63.5887107359,11
2018-04-21 19:36:48,4,44.6712241973,-63.5886992918,11
2018-04-21 19:37:21,4,44.6712165679,-63.5887107359,11
2018-04-21 19:37:36,4,44.6713119353,-63.5886916624,11
2018-04-21 19:37:51,4,44.6713081206,-63.5886954771,11
2018-04-21 19:38:06,4,44.6713043059,-63.5886916624,11
2018-04-21 19:38:21,4,44.6713004912,-63.5886878477,11
2018-04-21 19:38:36,4,44.6713081206,-63.588684033,11
2018-04-21 19:38:51,4,44.6713424529,-63.5886916624,11
2018-04-21 19:39:06,4,44.6713844146,-63.588684033,11
2018-04-21 19:39:21,4,44.671392044,-63.588684033,11
2018-04-21 19:39:36,4,44.6714111175,-63.5886916624,12
2018-04-21 19:39:51,4,44.6714378204,-63.5886916624,12
2018-04-21 19:40:06,4,44.6714568939,-63.5886916624,12
2018-04-21 19:40:21,4,44.6714607086,-63.5886916624,12
2018-04-21 19:40:36,4,44.6714645233,-63.5886916624,12
2018-04-21 19:40:51,4,44.6714607086,-63.5886954771,12
2018-04-21 19:41:06,4,44.6714568939,-63.5886954771,12
2018-04-21 19:41:21,4,44.6714645233,-63.5886992918,13
2018-04-21 19:41:36,4,44.6714683379,-63.5887031065,13
2018-04-21 19:41:51,4,44.6714645233,-63.5887031065,13
2018-04-21 19:42:06,4,44.6714607086,-63.5886992918,13
2018-04-21 19:42:21,4,44.6714492645,-63.5886916624,13
2018-04-21 19:42:36,4,44.6714340057,-63.5886878477,14
2018-04-21 19:42:51,4,44.671430191,-63.5886878477,15
2018-04-21 19:43:06,4,44.6714340057,-63.5886916624,16
2018-04-21 19:43:21,4,44.6714340057,-63.5886916624,16
2018-04-21 19:43:36,4,44.671430191,-63.5886916624,16
2018-04-21 19:43:51,4,44.671430191,-63.5886916624,16
2018-04-21 19:44:06,4,44.6714340057,-63.5886916624,16
2018-04-21 19:44:44,4,44.6714340057,-63.5886878477,16
2018-04-21 19:44:59,4,44.6714874114,-63.5887450682,18
2018-04-21 19:45:14,4,44.6714835967,-63.5887374388,20
2018-04-21 19:45:29,4,44.6714835967,-63.5887374388,20
2018-04-21 19:45:44,4,44.6714759673,-63.5887336241,20
2018-04-21 19:45:59,4,44.6714645233,-63.58872218,20
2018-04-21 19:46:14,4,44.6714607086,-63.5887183653,20
2018-04-21 19:46:29,4,44.6714607086,-63.5887107359,20
2018-04-21 19:46:44,4,44.6714683379,-63.5886954771,20
2018-04-21 19:46:59,4,44.6714759673,-63.5886878477,21
2018-04-21 19:47:14,4,44.6714835967,-63.588684033,23
2018-04-21 19:47:29,4,44.671479782,-63.5886802183,25
2018-04-21 19:47:44,4,44.6714683379,-63.5886725889,27
2018-04-21 19:47:59,4,44.6714607086,-63.5886687742,30
2018-04-21 19:48:14,4,44.6714568939,-63.5886802183,32
2018-04-21 19:48:29,4,44.6714568939,-63.5886992918,34
2018-04-21 19:48:44,4,44.6714530792,-63.5887183653,36
2018-04-21 19:48:59,4,44.6714454498,-63.5887298094,37
2018-04-21 19:49:34,4,44.6714378204,-63.5887526976,40
2018-04-21 19:49:49,4,44.671479782,-63.5887450682,38
2018-04-21 19:50:04,4,44.671479782,-63.5887412535,38
2018-04-21 19:50:19,4,44.671479782,-63.5887374388,38
2018-04-21 19:50:34,4,44.671479782,-63.5887336241,38
2018-04-21 19:50:49,4,44.671479782,-63.5887259947,37
2018-04-21 19:51:04,4,44.6714759673,-63.5887183653,37
2018-04-21 19:51:19,4,44.6714759673,-63.5887145506,37
2018-04-21 19:51:34,4,44.6714721526,-63.5887145506,36
2018-04-21 19:51:49,4,44.6714683379,-63.5887183653,36
2018-04-21 19:52:04,4,44.6714568939,-63.5887183653,36
2018-04-21 19:52:19,4,44.6714416351,-63.5887145506,36
2018-04-21 19:52:34,4,44.671430191,-63.5887145506,35
2018-04-21 19:52:49,4,44.6714225616,-63.5887259947,35
2018-04-21 19:53:04,4,44.6714187469,-63.5887374388,34
2018-04-21 19:53:19,4,44.6714225616,-63.5887374388,34
2018-04-21 19:53:34,4,44.6714263763,-63.5887298094,33
2018-04-21 19:53:49,4,44.6714263763,-63.5887298094,33
2018-04-21 19:54:04,4,44.6714263763,-63.5887259947,32
2018-04-21 19:54:19,4,44.6714149322,-63.5887298094,27
2018-04-21 19:54:34,4,44.6714187469,-63.5887298094,24
2018-04-21 19:54:49,4,44.6714187469,-63.5887298094,23
2018-04-21 19:55:04,4,44.6714187469,-63.5887298094,23
2018-04-21 19:55:19,4,44.6714187469,-63.5887298094,24
2018-04-21 19:55:34,4,44.6714263763,-63.58872218,24
2018-04-21 19:55:49,4,44.671430191,-63.5887259947,24
2018-04-21 19:56:04,4,44.6714263763,-63.5887259947,24
2018-04-21 19:56:19,4,44.671430191,-63.58872218,24
2018-04-21 19:56:34,4,44.6714378204,-63.5887183653,25
2018-04-21 19:56:49,4,44.6714416351,-63.5887107359,25
2018-04-21 19:57:04,4,44.6714492645,-63.5887069212,25
2018-04-21 19:57:19,4,44.6714683379,-63.5886992918,24
2018-04-21 19:57:34,4,44.6714874114,-63.5886916624,24
2018-04-21 19:57:49,4,44.6715064849,-63.5886878477,24
2018-04-21 19:58:04,4,44.6715141143,-63.5886916624,24
2018-04-21 19:58:19,4,44.6715064849,-63.5886954771,24
2018-04-21 19:58:34,4,44.6714950408,-63.5887069212,24
2018-04-21 19:58:49,4,44.6714759673,-63.5887298094,24
2018-04-21 19:59:04,4,44.6714645233,-63.5887412535,24
2018-04-21 19:59:19,4,44.6714568939,-63.5887412535,24
2018-04-21 19:59:34,4,44.6714416351,-63.5887336241,24
2018-04-21 19:59:49,4,44.6714340057,-63.5887298094,24
2018-04-21 20:00:04,4,44.671430191,-63.58872218,24
2018-04-21 20:00:19,4,44.671430191,-63.58872218,24
2018-04-21 20:00:34,4,44.671430191,-63.58872218,24
2018-04-21 20:00:49,4,44.6714340057,-63.5887183653,24
2018-04-21 20:01:04,4,44.671430191,-63.5887145506,24
2018-04-21 20:01:19,4,44.6714263763,-63.5887145506,24
2018-04-21 20:01:34,4,44.671430191,-63.5887145506,24
2018-04-21 20:01:49,4,44.671430191,-63.5887145506,24
2018-04-21 20:02:04,4,44.6714225616,-63.58872218,24
2018-04-21 20:02:19,4,44.6714263763,-63.5887526976,24
2018-04-21 20:02:34,4,44.6714454498,-63.588771771,23
2018-04-21 20:02:49,4,44.6714492645,-63.5887755857,23
2018-04-21 20:03:04,4,44.6714530792,-63.588771771,23
2018-04-21 20:03:19,4,44.6714530792,-63.5887565123,23
2018-04-21 20:03:34,4,44.6714454498,-63.5887450682,23
2018-04-21 20:03:49,4,44.6714416351,-63.5887450682,23
2018-04-21 20:04:04,4,44.6714416351,-63.5887450682,23
2018-04-21 20:04:19,4,44.6714378204,-63.5887488829,23
2018-04-21 20:04:34,4,44.671430191,-63.5887412535,23
2018-04-21 20:04:49,4,44.6714263763,-63.5887412535,23
2018-04-21 20:05:04,4,44.6714187469,-63.5887450682,22
2018-04-21 20:05:19,4,44.6714187469,-63.5887450682,22
2018-04-21 20:05:34,4,44.6714111175,-63.5887526976,21
2018-04-21 20:05:49,4,44.6713882293,-63.5887679563,20
2018-04-21 20:06:04,4,44.6713882293,-63.5887679563,20
2018-04-21 20:06:19,4,44.671392044,-63.588760327,20
2018-04-21 20:06:34,4,44.671392044,-63.588760327,19
2018-04-21 20:06:49,4,44.6713996734,-63.5887412535,20
2018-04-21 20:07:04,4,44.6714111175,-63.5887183653,20
2018-04-21 20:07:19,4,44.6714149322,-63.5887145506,20
2018-04-21 20:07:34,4,44.6714111175,-63.5887183653,20
2018-04-21 20:07:49,4,44.6714111175,-63.5887183653,20
2018-04-21 20:08:04,4,44.6714111175,-63.5887145506,20
2018-04-21 20:08:19,4,44.6714149322,-63.5887069212,20
2018-04-21 20:08:34,4,44.6714454498,-63.5886344419,20
2018-04-21 20:08:49,4,44.6714607086,-63.5886115537,20
2018-04-21 20:09:04,4,44.6714759673,-63.5886039243,21
2018-04-21 20:09:19,4,44.6714721526,-63.5886153684,21
2018-04-21 20:09:34,4,44.6714645233,-63.5886687742,20
2018-04-21 20:09:49,4,44.6714568939,-63.5886954771,20
2018-04-21 20:10:04,4,44.6714492645,-63.5887031065,20
2018-04-21 20:10:19,4,44.6714454498,-63.5887069212,20
2018-04-21 20:10:34,4,44.6714378204,-63.5887107359,20
2018-04-21 20:10:49,4,44.6714454498,-63.5886916624,21
2018-04-21 20:11:04,4,44.6714492645,-63.5886878477,21
2018-04-21 20:11:19,4,44.6714530792,-63.5886878477,21
2018-04-21 20:11:34,4,44.6714607086,-63.588684033,21
2018-04-21 20:11:49,4,44.6714683379,-63.588684033,21
2018-04-21 20:12:04,4,44.671479782,-63.5886878477,21
2018-04-21 20:12:19,4,44.6715026702,-63.5886916624,21
2018-04-21 20:12:34,4,44.671517929,-63.5886992918,21
2018-04-21 20:12:49,4,44.6715217437,-63.5887145506,22
2018-04-21 20:13:04,4,44.6715102996,-63.5887298094,23
2018-04-21 20:13:19,4,44.6714950408,-63.5887374388,24
2018-04-21 20:13:34,4,44.671479782,-63.5887374388,25
2018-04-21 20:13:49,4,44.6714645233,-63.5887336241,27
2018-04-21 20:14:04,4,44.6714530792,-63.5887336241,29
2018-04-21 20:14:19,4,44.6714530792,-63.5887259947,30
2018-04-21 20:14:34,4,44.6714645233,-63.5887183653,33
2018-04-21 20:14:49,4,44.6714759673,-63.5887145506,35
2018-04-21 20:15:04,4,44.6714835967,-63.5887145506,37
2018-04-21 20:15:19,4,44.6714874114,-63.5887107359,37
2018-04-21 20:15:34,4,44.671479782,-63.5887031065,37
2018-04-21 20:15:49,4,44.6714683379,-63.5886954771,36
2018-04-21 20:16:04,4,44.6714568939,-63.5886878477,35
2018-04-21 20:16:19,4,44.6714454498,-63.5886802183,33
2018-04-21 20:16:34,4,44.6714340057,-63.5886764036,31
2018-04-21 20:16:49,4,44.6714263763,-63.5886802183,29
2018-04-21 20:17:04,4,44.6714225616,-63.5886878477,28
2018-04-21 20:17:19,4,44.6714187469,-63.5887031065,27
2018-04-21 20:17:34,4,44.6714263763,-63.58872218,27
2018-04-21 20:17:49,4,44.671430191,-63.5887374388,27
2018-04-21 20:18:04,4,44.6714263763,-63.5887450682,27
2018-04-21 20:18:19,4,44.6714263763,-63.5887412535,27
2018-04-21 20:18:34,4,44.6714263763,-63.5887298094,27
2018-04-21 20:18:49,4,44.6714225616,-63.5887259947,27
2018-04-21 20:19:04,4,44.6714187469,-63.5887183653,27
2018-04-21 20:19:19,4,44.6714111175,-63.5887107359,26
2018-04-21 20:19:34,4,44.6714111175,-63.5887107359,26
2018-04-21 20:19:49,4,44.6714111175,-63.5887107359,26
2018-04-21 20:20:04,4,44.6714111175,-63.5887031065,26
2018-04-21 20:20:19,4,44.6714149322,-63.5887031065,26
2018-04-21 20:20:34,4,44.6714073028,-63.5886992918,26
2018-04-21 20:20:49,4,44.6714034881,-63.5886992918,26
2018-04-21 20:21:04,4,44.6714073028,-63.5887031065,25
2018-04-21 20:21:19,4,44.6714034881,-63.5886992918,25
2018-04-21 20:21:34,4,44.6714034881,-63.5887031065,25
2018-04-21 20:21:49,4,44.6714073028,-63.5887069212,25
2018-04-21 20:22:04,4,44.6714111175,-63.5887145506,25
2018-04-21 20:22:19,4,44.6714073028,-63.5887259947,25
2018-04-21 20:22:34,4,44.6713996734,-63.5887298094,25
2018-04-21 20:22:49,4,44.6714187469,-63.58872218,24
2018-04-21 20:23:04,4,44.6714225616,-63.5887259947,24
2018-04-21 20:23:19,4,44.671430191,-63.5887259947,24
2018-04-21 20:23:34,4,44.6714340057,-63.5887412535,24
2018-04-21 20:23:49,4,44.6714340057,-63.5887412535,24
2018-04-21 20:24:04,4,44.6714416351,-63.5887374388,23
2018-04-21 20:24:19,4,44.6714454498,-63.5887374388,23
2018-04-21 20:24:34,4,44.6714454498,-63.5887069212,22
2018-04-21 20:24:49,4,44.6714454498,-63.5886916624,21
2018-04-21 20:25:04,4,44.6714492645,-63.5886954771,21
2018-04-21 20:25:19,4,44.6714454498,-63.5886992918,21
2018-04-21 20:25:34,4,44.6714454498,-63.5886992918,21
2018-04-21 20:25:49,4,44.6714454498,-63.5887031065,20
2018-04-21 20:26:04,4,44.6714454498,-63.5887069212,20
2018-04-21 20:26:19,4,44.6714492645,-63.5887145506,20
2018-04-21 20:26:34,4,44.6714530792,-63.58872218,20
2018-04-21 20:26:49,4,44.6714568939,-63.5887259947,21
2018-04-21 20:27:04,4,44.6714645233,-63.5887259947,21
2018-04-21 20:27:19,4,44.6714683379,-63.5887259947,21
2018-04-21 20:27:34,4,44.671479782,-63.5887183653,21
2018-04-21 20:27:49,4,44.6714950408,-63.5887031065,21
2018-04-21 20:28:04,4,44.6715026702,-63.5886954771,21
2018-04-21 20:28:19,4,44.6715026702,-63.5886954771,21
2018-04-21 20:28:34,4,44.6714988555,-63.5886954771,20
2018-04-21 20:28:49,4,44.6714874114,-63.5886878477,20
2018-04-21 20:29:04,4,44.6714721526,-63.5886649595,19
2018-04-21 20:29:19,4,44.6714683379,-63.588645886,18
2018-04-21 20:29:34,4,44.6714721526,-63.588645886,18
2018-04-21 20:29:49,4,44.6714759673,-63.5886497007,18
2018-04-21 20:30:04,4,44.6714759673,-63.5886687742,18
2018-04-21 20:30:19,4,44.6714759673,-63.5886992918,18
2018-04-21 20:30:34,4,44.6714683379,-63.5887450682,18
2018-04-21 20:30:49,4,44.6714492645,-63.5887870298,17
2018-04-21 20:31:04,4,44.6714225616,-63.5887946592,14
2018-04-21 20:31:19,4,44.6714416351,-63.5887946592,14
2018-04-21 20:31:34,4,44.6714416351,-63.588771771,15
2018-04-21 20:31:49,4,44.6714378204,-63.5887679563,16
2018-04-21 20:32:04,4,44.6714378204,-63.5887679563,16
2018-04-21 20:32:19,4,44.6714378204,-63.5887641417,16
2018-04-21 20:32:34,4,44.671430191,-63.5887641417,16
2018-04-21 20:32:49,4,44.6714034881,-63.5887565123,16
2018-04-21 20:33:04,4,44.6713882293,-63.588760327,16
2018-04-21 20:33:19,4,44.6713805999,-63.5887526976,16
2018-04-21 20:33:34,4,44.6714149322,-63.5887450682,16
2018-04-21 20:33:49,4,44.6714568939,-63.5887336241,17
2018-04-21 20:34:04,4,44.671479782,-63.5887298094,17
2018-04-21 20:34:19,4,44.6714988555,-63.5887259947,18
2018-04-21 20:34:34,4,44.6715064849,-63.5887259947,18
2018-04-21 20:34:49,4,44.6715064849,-63.5887259947,19
2018-04-21 20:35:04,4,44.6714759673,-63.5886992918,20
2018-04-21 20:35:19,4,44.6714530792,-63.5887526976,20
2018-04-21 20:35:34,4,44.6714454498,-63.5887641417,19
2018-04-21 20:35:49,4,44.6714454498,-63.588760327,19
2018-04-21 20:36:04,4,44.6714378204,-63.5887565123,20
2018-04-21 20:36:19,4,44.6714378204,-63.5887488829,20
2018-04-21 20:36:34,4,44.6714378204,-63.5887412535,20
2018-04-21 20:36:49,4,44.6714340057,-63.5887374388,20
2018-04-21 20:37:04,4,44.6714340057,-63.5887374388,20
2018-04-21 20:37:19,4,44.671430191,-63.58872218,23
2018-04-21 20:37:34,4,44.6714187469,-63.5886992918,24
2018-04-21 20:37:49,4,44.6714149322,-63.5887031065,23
2018-04-21 20:38:04,4,44.6714149322,-63.5887069212,23
2018-04-21 20:38:19,4,44.6714149322,-63.5887069212,23
2018-04-21 20:38:34,4,44.6714034881,-63.5887107359,22
2018-04-21 20:38:49,4,44.6713844146,-63.5887107359,21
2018-04-21 20:39:04,4,44.6713615264,-63.58872218,20
2018-04-21 20:39:19,4,44.6713615264,-63.5887336241,20
2018-04-21 20:39:34,4,44.6713691558,-63.5887336241,20
2018-04-21 20:39:49,4,44.6713958587,-63.5887298094,20
2018-04-21 20:40:04,4,44.6714034881,-63.5887298094,20
2018-04-21 20:40:19,4,44.6713958587,-63.5887259947,20
2018-04-21 20:40:34,4,44.671392044,-63.5887259947,20
2018-04-21 20:40:49,4,44.671392044,-63.5887259947,19
2018-04-21 20:41:04,4,44.6713882293,-63.5887298094,19
2018-04-21 20:41:19,4,44.6713844146,-63.5887374388,19
2018-04-21 20:41:34,4,44.6713882293,-63.5887336241,17
2018-04-21 20:41:49,4,44.671392044,-63.5887336241,16
2018-04-21 20:42:04,4,44.6713958587,-63.5887336241,16
2018-04-21 20:42:19,4,44.6714111175,-63.5887412535,16
2018-04-21 20:42:34,4,44.6714263763,-63.5887488829,16
2018-04-21 20:42:49,4,44.6714378204,-63.588760327,16
2018-04-21 20:43:04,4,44.6714378204,-63.5887565123,16
2018-04-21 20:43:19,4,44.6714378204,-63.5887526976,16
2018-04-21 20:43:34,4,44.6714378204,-63.5887450682,16
2018-04-21 20:43:49,4,44.6714378204,-63.5887374388,16
2018-04-21 20:44:04,4,44.6714340057,-63.5887298094,17
2018-04-21 20:44:19,4,44.6714340057,-63.5887145506,17
2018-04-21 20:44:34,4,44.671430191,-63.5886916624,16
2018-04-21 20:44:49,4,44.6714263763,-63.5886802183,16
2018-04-21 20:45:04,4,44.671430191,-63.5886687742,15
2018-04-21 20:45:19,4,44.671430191,-63.5886649595,15
2018-04-21 20:45:34,4,44.671430191,-63.588684033,15
2018-04-21 20:45:49,4,44.6714378204,-63.5887145506,15
2018-04-21 20:46:04,4,44.6714416351,-63.5887374388,15
2018-04-21 20:46:19,4,44.6714416351,-63.5887450682,15
2018-04-21 20:46:34,4,44.6714340057,-63.5887450682,15
2018-04-21 20:46:49,4,44.6714225616,-63.5887450682,15
2018-04-21 20:47:04,4,44.6714187469,-63.5887450682,15
2018-04-21 20:47:19,4,44.6714111175,-63.5887412535,16
2018-04-21 20:47:34,4,44.6714111175,-63.5887450682,16
2018-04-21 20:47:49,4,44.6714073028,-63.5887450682,16
2018-04-21 20:48:04,4,44.6713996734,-63.5887450682,16
2018-04-21 20:48:19,4,44.6713996734,-63.5887450682,16
2018-04-21 20:48:34,4,44.6713958587,-63.5887412535,16
2018-04-21 20:48:49,4,44.6713958587,-63.5887336241,15
2018-04-21 20:49:04,4,44.6713958587,-63.5887374388,14
2018-04-21 20:49:19,4,44.6713958587,-63.588760327,13
2018-04-21 20:49:34,4,44.6713996734,-63.588760327,13
2018-04-21 20:49:49,4,44.6714034881,-63.5887565123,13
2018-04-21 20:50:04,4,44.6714111175,-63.5887374388,13
2018-04-21 20:50:19,4,44.6714225616,-63.5887259947,13
2018-04-21 20:50:34,4,44.671430191,-63.58872218,13
2018-04-21 20:50:49,4,44.6714416351,-63.5887183653,13
2018-04-21 20:51:04,4,44.6714416351,-63.5887183653,14
2018-04-21 20:51:19,4,44.6714416351,-63.5887145506,14
2018-04-21 20:51:34,4,44.6714416351,-63.5887145506,14
2018-04-21 20:51:49,4,44.6714340057,-63.5886992918,15
2018-04-21 20:52:04,4,44.6714378204,-63.5886916624,17
2018-04-21 20:52:19,4,44.6714416351,-63.5887069212,18
2018-04-21 20:52:34,4,44.6714416351,-63.5887374388,18
2018-04-21 20:52:49,4,44.6714454498,-63.5887412535,18
2018-04-21 20:53:04,4,44.6714416351,-63.588760327,18
2018-04-21 20:53:19,4,44.6714340057,-63.5887870298,18
2018-04-21 20:53:34,4,44.6714187469,-63.5887832151,17
2018-04-21 20:53:49,4,44.6714149322,-63.5887794004,17
2018-04-21 20:54:04,4,44.6714111175,-63.588771771,17
2018-04-21 20:54:19,4,44.671392044,-63.5887488829,17
2018-04-21 20:54:34,4,44.6713729705,-63.58872218,17
2018-04-21 20:54:49,4,44.6713691558,-63.5887145506,17
2018-04-21 20:55:04,4,44.6713805999,-63.5887107359,17
2018-04-21 20:55:19,4,44.6714034881,-63.5887069212,17
2018-04-21 20:55:34,4,44.6714225616,-63.5887069212,17
2018-04-21 20:55:49,4,44.671392044,-63.5886878477,17
2018-04-21 20:56:04,4,44.6713500823,-63.5886649595,17
2018-04-21 20:56:19,4,44.6713348235,-63.5886535154,17
2018-04-21 20:56:34,4,44.6713424529,-63.5886382566,18
2018-04-21 20:56:49,4,44.6713691558,-63.5886382566,17
2018-04-21 20:57:04,4,44.6714225616,-63.5886611448,16
2018-04-21 20:57:19,4,44.6714912261,-63.5886878477,11
2018-04-21 20:57:34,4,44.671517929,-63.5887031065,9
2018-04-21 20:57:49,4,44.6715217437,-63.5887183653,7
2018-04-21 20:58:04,4,44.6715102996,-63.5887374388,5
2018-04-21 20:58:19,4,44.6715026702,-63.5887488829,5
2018-04-21 20:58:34,4,44.6714912261,-63.588760327,5
2018-04-21 20:58:49,4,44.6714835967,-63.5887565123,6
2018-04-21 20:59:04,4,44.671479782,-63.5887488829,6
2018-04-21 20:59:19,4,44.6714759673,-63.5887336241,6
2018-04-21 20:59:34,4,44.6714721526,-63.5887183653,6
2018-04-21 20:59:49,4,44.6714607086,-63.5887031065,10
2018-04-21 21:00:04,4,44.6714645233,-63.5887031065,12
2018-04-21 21:00:19,4,44.6714645233,-63.5886992918,14
2018-04-21 21:00:34,4,44.6714683379,-63.5886954771,14
2018-04-21 21:00:49,4,44.6714645233,-63.588684033,14
2018-04-21 21:01:04,4,44.6714530792,-63.5886573301,14
2018-04-21 21:01:19,4,44.6714378204,-63.5886382566,14
2018-04-21 21:01:34,4,44.6714340057,-63.5886497007,14
2018-04-21 21:01:49,4,44.6714340057,-63.5886573301,14
2018-04-21 21:02:04,4,44.671430191,-63.5886687742,14
2018-04-21 21:02:19,4,44.6714263763,-63.588684033,14
2018-04-21 21:02:34,4,44.6714149322,-63.588684033,14
2018-04-21 21:02:49,4,44.6713996734,-63.5886764036,14
2018-04-21 21:03:04,4,44.6713805999,-63.5886687742,14
2018-04-21 21:03:19,4,44.6713653411,-63.5886725889,14
2018-04-21 21:03:34,4,44.6713615264,-63.5886802183,14
2018-04-21 21:03:49,4,44.6713653411,-63.5886725889,14
2018-04-21 21:04:04,4,44.6713653411,-63.5886687742,14
2018-04-21 21:04:19,4,44.6713767852,-63.5886573301,14
2018-04-21 21:04:34,4,44.6713958587,-63.5886497007,14
2018-04-21 21:04:49,4,44.6714111175,-63.5886535154,15
2018-04-21 21:05:04,4,44.6714225616,-63.5886764036,16
2018-04-21 21:05:19,4,44.6714187469,-63.5887107359,18
2018-04-21 21:05:34,4,44.6714111175,-63.5887298094,19
2018-04-21 21:05:49,4,44.6713996734,-63.5887259947,21
2018-04-21 21:06:04,4,44.6713958587,-63.58872218,22
2018-04-21 21:06:19,4,44.6713882293,-63.5887107359,23
2018-04-21 21:06:34,4,44.6713844146,-63.5886992918,24
2018-04-21 21:06:49,4,44.6713844146,-63.588684033,25
2018-04-21 21:07:31,4,44.6713844146,-63.5886535154,27
2018-04-21 21:07:46,4,44.6713882293,-63.5887031065,24
2018-04-21 21:08:01,4,44.671392044,-63.5887069212,21
2018-04-21 21:08:16,4,44.6713958587,-63.5887183653,19
2018-04-21 21:08:31,4,44.6713996734,-63.5887259947,19
2018-04-21 21:08:46,4,44.6713996734,-63.5887183653,19
2018-04-21 21:09:01,4,44.6713996734,-63.5887145506,19
2018-04-21 21:09:16,4,44.6713958587,-63.5887069212,19
2018-04-21 21:09:31,4,44.6713844146,-63.5886916624,20
2018-04-21 21:10:22,4,44.671353897,-63.5886306272,20
2018-04-21 21:10:37,4,44.6713653411,-63.5886382566,22
2018-04-21 21:10:52,4,44.6713805999,-63.588684033,23
2018-04-21 21:11:07,4,44.6713882293,-63.5887069212,24
2018-04-21 21:11:22,4,44.6714073028,-63.5887107359,25
2018-04-21 21:11:37,4,44.6714263763,-63.5886916624,25
2018-04-21 21:11:52,4,44.6714416351,-63.5886649595,24
2018-04-21 21:12:07,4,44.6714492645,-63.5886535154,23
2018-04-21 21:12:22,4,44.6714416351,-63.5886535154,21
2018-04-21 21:12:37,4,44.671430191,-63.5886649595,20
2018-04-21 21:12:52,4,44.6714149322,-63.5886878477,18
2018-04-21 21:13:07,4,44.6714073028,-63.5887107359,16
2018-04-21 21:13:22,4,44.6714034881,-63.5887374388,15
2018-04-21 21:13:37,4,44.6714034881,-63.5887679563,14
2018-04-21 21:13:52,4,44.6714073028,-63.5887870298,13
2018-04-21 21:14:07,4,44.6714225616,-63.5887794004,13
2018-04-21 21:14:22,4,44.6714378204,-63.588760327,12
2018-04-21 21:14:37,4,44.6714645233,-63.5887069212,13
2018-04-21 21:14:52,4,44.6714721526,-63.5886649595,13
2018-04-21 21:15:07,4,44.6714721526,-63.588645886,14
2018-04-21 21:15:22,4,44.6714568939,-63.5886497007,15
2018-04-21 21:15:37,4,44.6714416351,-63.5886573301,16
2018-04-21 21:15:52,4,44.6714263763,-63.5886497007,17
2018-04-21 21:16:35,4,44.6713958587,-63.5886497007,20
2018-04-21 21:16:50,4,44.6714263763,-63.5887450682,24
2018-04-21 21:17:05,4,44.6714225616,-63.5887794004,25
2018-04-21 21:17:20,4,44.6714187469,-63.5887946592,26
2018-04-21 21:18:08,4,44.6714187469,-63.588848065,30
2018-04-21 21:18:23,4,44.6714263763,-63.588684033,20
2018-04-21 21:18:38,4,44.6714225616,-63.5886611448,18
2018-04-21 21:18:53,4,44.6714111175,-63.5886535154,16
2018-04-21 21:19:08,4,44.6714034881,-63.5886535154,14
2018-04-21 21:20:01,4,44.6713386382,-63.5886992918,9
2018-04-21 21:20:16,4,44.6713996734,-63.5888022886,26
2018-04-21 21:21:06,4,44.6713882293,-63.5888404356,44
2018-04-21 21:21:53,4,44.6713882293,-63.5886153684,37
2018-04-21 21:22:08,4,44.6714492645,-63.5885886656,19
2018-04-21 21:22:23,4,44.6714683379,-63.5885772215,16
2018-04-21 21:22:38,4,44.6714721526,-63.588607739,15
2018-04-21 21:22:53,4,44.6714759673,-63.5886001096,13
2018-04-21 21:23:08,4,44.6714759673,-63.5885772215,11
2018-04-21 21:23:23,4,44.6714759673,-63.5885657774,10
2018-04-21 21:23:38,4,44.6714759673,-63.5885619627,10
2018-04-21 21:23:53,4,44.6714607086,-63.5886115537,11
2018-04-21 21:24:08,4,44.6714607086,-63.5886268125,12
2018-04-21 21:24:23,4,44.6714607086,-63.588645886,12
2018-04-21 21:24:38,4,44.6714607086,-63.5886649595,13
2018-04-21 21:24:53,4,44.6714454498,-63.5886802183,13
2018-04-21 21:25:08,4,44.6714263763,-63.588684033,14
2018-04-21 21:25:23,4,44.6714187469,-63.5886687742,15
2018-04-21 21:26:16,4,44.6713882293,-63.5885772215,18
2018-04-21 21:26:31,4,44.671479782,-63.5886802183,25
2018-04-21 21:26:46,4,44.6714950408,-63.5887107359,26
2018-04-21 21:27:01,4,44.6715064849,-63.5887298094,27
2018-04-21 21:27:16,4,44.6715026702,-63.5887488829,29
2018-04-21 21:27:31,4,44.6714912261,-63.5887488829,29
2018-04-21 21:27:46,4,44.6714759673,-63.5887412535,28
2018-04-21 21:28:01,4,44.6714645233,-63.5887298094,26
2018-04-21 21:28:16,4,44.6714530792,-63.5887298094,25
2018-04-21 21:28:31,4,44.6714416351,-63.5887259947,23
2018-04-21 21:28:46,4,44.6714378204,-63.58872218,22
2018-04-21 21:29:01,4,44.6714263763,-63.5887145506,20
2018-04-21 21:29:16,4,44.6714111175,-63.5887107359,19
2018-04-21 21:29:31,4,44.6713958587,-63.5887031065,18
2018-04-21 21:29:46,4,44.6714149322,-63.5886764036,17
2018-04-21 21:30:01,4,44.6714263763,-63.5886992918,16
2018-04-21 21:30:16,4,44.6714340057,-63.5887031065,16
2018-04-21 21:30:31,4,44.6714340057,-63.5886954771,16
2018-04-21 21:30:46,4,44.6714340057,-63.5886916624,16
2018-04-21 21:31:01,4,44.6714340057,-63.5886992918,16
2018-04-21 21:31:16,4,44.671430191,-63.5887031065,17
2018-04-21 21:31:31,4,44.671430191,-63.5886992918,16
2018-04-21 21:31:46,4,44.671430191,-63.5886992918,16
2018-04-21 21:32:01,4,44.6714225616,-63.5887031065,17
2018-04-21 21:32:16,4,44.6714149322,-63.5887031065,17
2018-04-21 21:32:31,4,44.6714034881,-63.5886954771,17
2018-04-21 21:32:46,4,44.6713996734,-63.5886878477,17
2018-04-21 21:33:01,4,44.6713958587,-63.5886878477,17
2018-04-21 21:33:16,4,44.6713958587,-63.5886802183,17
2018-04-21 21:33:31,4,44.6713882293,-63.5886878477,17
2018-04-21 21:33:46,4,44.6713805999,-63.5886992918,17
2018-04-21 21:34:01,4,44.6713653411,-63.5887069212,18
2018-04-21 21:34:16,4,44.6713462676,-63.5886992918,18
2018-04-21 21:34:31,4,44.6713119353,-63.5886878477,19
2018-04-21 21:34:46,4,44.6713119353,-63.5886573301,19
2018-04-21 21:35:01,4,44.6713348235,-63.5886344419,19
2018-04-21 21:35:16,4,44.6713386382,-63.5886382566,19
2018-04-21 21:35:31,4,44.6713729705,-63.5886382566,18
2018-04-21 21:35:46,4,44.6714149322,-63.5886573301,17
2018-04-21 21:36:01,4,44.6714378204,-63.5886649595,17
2018-04-21 21:36:16,4,44.6714416351,-63.5886725889,17
2018-04-21 21:37:09,4,44.6714340057,-63.5886992918,19
2018-04-21 21:37:24,4,44.6714263763,-63.5886687742,19
2018-04-21 21:37:39,4,44.671353897,-63.5886153684,17
2018-04-21 21:37:54,4,44.6712547149,-63.5885352598,14
2018-04-21 21:38:09,4,44.6712089385,-63.5885695921,10
2018-04-21 21:38:24,4,44.6711974944,-63.5885810362,9
2018-04-21 21:39:29,4,44.6713805999,-63.5886535154,8
2018-04-21 21:39:44,4,44.6713844146,-63.588684033,10
2018-04-21 21:40:45,4,44.6712089385,-63.588596295,15
2018-04-21 21:41:00,4,44.671353897,-63.5887412535,14
2018-04-21 21:41:15,4,44.6713500823,-63.5887450682,14
2018-04-21 21:41:30,4,44.671353897,-63.5887336241,14
2018-04-21 21:41:45,4,44.6713577117,-63.5887336241,14
2018-04-21 21:42:00,4,44.6713653411,-63.5887298094,15
2018-04-21 21:42:15,4,44.6713844146,-63.5887183653,16
2018-04-21 21:42:30,4,44.6714073028,-63.5887069212,16
2018-04-21 21:42:45,4,44.6714111175,-63.5887107359,16
2018-04-21 21:43:00,4,44.6714073028,-63.58872218,16
2018-04-21 21:43:15,4,44.6713958587,-63.5887336241,16
2018-04-21 21:43:30,4,44.671392044,-63.5887069212,16
2018-04-21 21:43:45,4,44.671392044,-63.588684033,16
2018-04-21 21:44:00,4,44.6713958587,-63.5886611448,16
2018-04-21 21:44:15,4,44.671392044,-63.588645886,16
2018-04-21 21:44:30,4,44.6713844146,-63.5886420713,17
2018-04-21 21:44:45,4,44.6713653411,-63.5886535154,17
2018-04-21 21:45:00,4,44.6713500823,-63.5886687742,16
2018-04-21 21:45:15,4,44.6713386382,-63.5886611448,16
2018-04-21 21:45:30,4,44.6713386382,-63.5886344419,16
2018-04-21 21:45:45,4,44.6713500823,-63.5886153684,16
2018-04-21 21:46:00,4,44.6713691558,-63.5886153684,17
2018-04-21 21:46:15,4,44.6713996734,-63.5886306272,17
2018-04-21 21:46:30,4,44.6714683379,-63.5886420713,16
2018-04-21 21:46:45,4,44.6714874114,-63.5886344419,16
2018-04-21 21:47:00,4,44.6714835967,-63.588645886,16
2018-04-21 21:47:15,4,44.6714454498,-63.5886764036,16
2018-04-21 21:47:30,4,44.6713615264,-63.5887031065,17
2018-04-21 21:47:45,4,44.6713233794,-63.5886916624,17
2018-04-21 21:48:00,4,44.6713004912,-63.5886916624,17
2018-04-21 21:48:15,4,44.6712928619,-63.5886954771,17
2018-04-21 21:49:14,4,44.6712928619,-63.5886878477,16
2018-04-21 21:49:29,4,44.6713081206,-63.588760327,18
2018-04-21 21:49:44,4,44.6713233794,-63.5887832151,21
2018-04-21 21:49:59,4,44.6713386382,-63.5887984739,24
2018-04-21 21:50:14,4,44.6713462676,-63.5888061033,26
2018-04-21 21:50:29,4,44.6713691558,-63.5887946592,28
2018-04-21 21:51:21,4,44.6714454498,-63.5887336241,33
2018-04-21 21:51:36,4,44.6713882293,-63.5886649595,24
2018-04-21 21:51:51,4,44.6713615264,-63.588645886,21
2018-04-21 21:52:06,4,44.6713348235,-63.5886344419,18
2018-04-21 21:52:59,4,44.6712737884,-63.5886039243,9
2018-04-21 21:53:14,4,44.6713577117,-63.5886382566,9
2018-04-21 21:53:29,4,44.671353897,-63.5886344419,7
2018-04-21 21:53:44,4,44.6713500823,-63.5886535154,7
2018-04-21 21:53:59,4,44.6713310088,-63.5886878477,6
2018-04-21 21:54:14,4,44.6713119353,-63.5887145506,6
2018-04-21 21:54:29,4,44.6712928619,-63.5887145506,4
2018-04-21 21:54:44,4,44.6712814178,-63.5887183653,3
2018-04-21 21:54:59,4,44.6712966766,-63.5887069212,3
2018-04-21 21:56:04,4,44.6714835967,-63.5886153684,4
2018-04-21 21:56:19,4,44.6714988555,-63.5886039243,5
2018-04-21 21:56:34,4,44.6715026702,-63.588607739,6
2018-04-21 21:56:49,4,44.6715064849,-63.5886115537,6
2018-04-21 21:57:04,4,44.6714988555,-63.5886115537,8
2018-04-21 21:57:19,4,44.6714988555,-63.5886153684,8
2018-04-21 21:57:34,4,44.6714874114,-63.5886268125,8
2018-04-21 21:57:49,4,44.671430191,-63.588684033,11
2018-04-21 21:58:04,4,44.6714034881,-63.5887183653,11
2018-04-21 21:58:19,4,44.671392044,-63.5887298094,12
2018-04-21 21:58:34,4,44.6713844146,-63.5887336241,11
2018-04-21 21:58:49,4,44.6713996734,-63.5887259947,11
2018-04-21 21:59:04,4,44.6714073028,-63.5887107359,11
2018-04-21 21:59:19,4,44.6714454498,-63.588684033,11
2018-04-21 21:59:34,4,44.6714378204,-63.5886764036,12
2018-04-21 22:00:35,4,44.6714454498,-63.5886878477,12
2018-04-21 22:00:50,4,44.6714187469,-63.5886802183,14
2018-04-21 22:01:05,4,44.6714416351,-63.5886916624,15
2018-04-21 22:01:20,4,44.6714263763,-63.5886916624,14
2018-04-21 22:01:35,4,44.6714073028,-63.5886992918,15
2018-04-21 22:01:50,4,44.6714034881,-63.5886992918,15
2018-04-21 22:02:05,4,44.6713805999,-63.5886954771,15
2018-04-21 22:02:20,4,44.671353897,-63.5886878477,17
2018-04-21 22:02:35,4,44.6713424529,-63.5886916624,18
2018-04-21 22:02:50,4,44.6713424529,-63.5886954771,19
2018-04-21 22:03:05,4,44.6713500823,-63.5886954771,20
2018-04-21 22:03:20,4,44.6713577117,-63.5886992918,22
2018-04-21 22:03:35,4,44.6713691558,-63.5887107359,24
2018-04-21 22:03:50,4,44.6713767852,-63.5887183653,26
2018-04-21 22:04:05,4,44.6713844146,-63.5887298094,28
2018-04-21 22:04:20,4,44.671392044,-63.5887336241,30
2018-04-21 22:04:35,4,44.6713996734,-63.5887298094,31
2018-04-21 22:04:50,4,44.6714034881,-63.5887259947,32
